{"clientVersion":"1.2.0","dateCreated":"2020-04-01T13:29:15.616Z","dateModified":"2020-04-01T13:42:54.166Z","id":"H_1585747755615","phase":2,"locale":"de-DE","name":"Garethische Rondrageweihte","ap":{"total":1100},"el":"EL_3","r":"R_1","rv":"RV_1","c":"C_8","p":"P_31","sex":"f","pers":{},"attr":{"values":[{"id":"ATTR_1","value":15},{"id":"ATTR_2","value":10},{"id":"ATTR_3","value":12},{"id":"ATTR_4","value":12},{"id":"ATTR_5","value":10},{"id":"ATTR_6","value":14},{"id":"ATTR_7","value":13},{"id":"ATTR_8","value":14}],"attributeAdjustmentSelected":"ATTR_1","ae":0,"kp":0,"lp":0,"permanentAE":{"lost":0,"redeemed":0},"permanentKP":{"lost":0,"redeemed":0},"permanentLP":{"lost":0}},"activatable":{"ADV_12":[{}],"ADV_33":[{}],"ADV_35":[],"ADV_36":[{"tier":1}],"DISADV_50":[{"sid":"Tempel, Kirche","tier":2}],"DISADV_34":[{"sid":10,"tier":2}],"DISADV_36":[{"sid":19}],"SA_9":[{"sid2":2,"sid":"TAL_34"}],"SA_27":[{"sid":15},{"sid":9}],"SA_29":[{"sid":8,"tier":4},{"sid":24,"tier":1},{"sid":6,"tier":1}],"SA_682":[{}],"SA_2":[{}],"SA_41":[{"tier":1}],"SA_48":[{"tier":1}],"SA_22":[{"sid":"Trallop"}],"SA_66":[{}],"SA_67":[{"tier":1}]},"talents":{"TAL_4":6,"TAL_5":5,"TAL_8":9,"TAL_10":3,"TAL_15":3,"TAL_18":4,"TAL_20":3,"TAL_23":8,"TAL_33":2,"TAL_34":6,"TAL_35":5,"TAL_38":3,"TAL_39":3,"TAL_40":3,"TAL_50":3,"TAL_51":1,"TAL_55":4,"TAL_28":1,"TAL_59":1,"TAL_29":1,"TAL_6":4},"ct":{"CT_15":10,"CT_9":10,"CT_12":12,"CT_16":10},"spells":{},"cantrips":[],"liturgies":{"LITURGY_5":7,"LITURGY_22":5,"LITURGY_29":6,"LITURGY_30":6},"blessings":["BLESSING_12","BLESSING_11","BLESSING_10","BLESSING_9","BLESSING_8","BLESSING_7","BLESSING_6","BLESSING_5","BLESSING_4","BLESSING_3","BLESSING_2","BLESSING_1"],"belongings":{"items":{},"armorZones":{},"purse":{"d":"","s":"","h":"","k":""}},"rules":{"higherParadeValues":0,"attributeValueLimit":false,"enableAllRuleBooks":false,"enabledRuleBooks":[],"enableLanguageSpecializations":false},"pets":{}}