{"clientVersion":"1.2.0","dateCreated":"2020-04-01T07:20:22.392Z","dateModified":"2020-04-01T07:37:19.885Z","id":"H_1585725622391","phase":2,"locale":"de-DE","name":"Wildnisläuferin","ap":{"total":1100},"el":"EL_3","r":"R_2","rv":"RV_8","c":"C_19","p":"P_17","sex":"f","pers":{"socialstatus":2},"attr":{"values":[{"id":"ATTR_1","value":10},{"id":"ATTR_2","value":10},{"id":"ATTR_3","value":15},{"id":"ATTR_4","value":14},{"id":"ATTR_5","value":14},{"id":"ATTR_8","value":9},{"id":"ATTR_6","value":15},{"id":"ATTR_7","value":13}],"attributeAdjustmentSelected":"ATTR_8","ae":0,"kp":0,"lp":0,"permanentAE":{"lost":0,"redeemed":0},"permanentKP":{"lost":0,"redeemed":0},"permanentLP":{"lost":0}},"activatable":{"ADV_52":[{}],"ADV_50":[{}],"ADV_2":[{}],"ADV_6":[{"tier":1}],"ADV_15":[{"tier":1}],"ADV_34":[{}],"ADV_48":[{}],"ADV_14":[],"ADV_16":[],"ADV_4":[],"DISADV_25":[],"DISADV_14":[],"DISADV_46":[],"DISADV_31":[{"tier":1}],"DISADV_33":[{"sid2":"Götter","sid":8},{"sid2":"Geld","sid":8},{"sid":1}],"DISADV_43":[{}],"DISADV_7":[],"DISADV_48":[{"sid":"TAL_14"}],"SA_9":[{"sid2":3,"sid":"TAL_24"}],"SA_27":[],"SA_29":[{"sid":10,"tier":4},{"sid":8,"tier":2}],"SA_345":[{}],"SA_22":[{"sid":"Heimatdorf"}]},"talents":{"TAL_51":5,"TAL_16":1,"TAL_44":1,"TAL_24":8,"TAL_26":2,"TAL_4":10,"TAL_56":6,"TAL_27":5,"TAL_28":7,"TAL_7":8,"TAL_9":6,"TAL_10":6,"TAL_29":6,"TAL_13":5,"TAL_30":8},"ct":{"CT_2":12,"CT_3":8},"spells":{"SPELL_3":6,"SPELL_14":7,"SPELL_30":3,"SPELL_39":6,"SPELL_44":5,"SPELL_45":3,"SPELL_64":4,"SPELL_1":4,"SPELL_4":4},"cantrips":["CANTRIP_7"],"liturgies":{},"blessings":[],"belongings":{"items":{},"armorZones":{},"purse":{"d":"","s":"","h":"","k":""}},"rules":{"higherParadeValues":0,"attributeValueLimit":false,"enableAllRuleBooks":false,"enabledRuleBooks":[],"enableLanguageSpecializations":false},"pets":{}}