{"clientVersion":"1.2.0","dateCreated":"2020-04-01T07:43:41.870Z","dateModified":"2020-04-01T08:00:31.407Z","id":"H_1585727021869","phase":2,"locale":"de-DE","name":"Zwergischer Krieger","ap":{"total":1100},"el":"EL_3","r":"R_4","c":"C_24","p":"P_9","sex":"m","pers":{},"attr":{"values":[{"id":"ATTR_8","value":15},{"id":"ATTR_6","value":13},{"id":"ATTR_7","value":15},{"id":"ATTR_1","value":14},{"id":"ATTR_2","value":10},{"id":"ATTR_3","value":11},{"id":"ATTR_5","value":14}],"attributeAdjustmentSelected":"ATTR_4","ae":0,"kp":0,"lp":0,"permanentAE":{"lost":0,"redeemed":0},"permanentKP":{"lost":0,"redeemed":0},"permanentLP":{"lost":0}},"activatable":{"ADV_6":[{"tier":1}],"ADV_25":[{"tier":4}],"ADV_28":[{"sid":3}],"ADV_39":[{}],"ADV_49":[{}],"ADV_53":[{}],"ADV_14":[],"ADV_16":[],"ADV_4":[],"DISADV_25":[],"DISADV_28":[],"DISADV_55":[],"DISADV_31":[{"tier":2}],"DISADV_34":[{"sid":5,"tier":2}],"DISADV_36":[{"sid":9}],"DISADV_37":[{"sid":4},{"sid":5}],"DISADV_48":[{"sid":"TAL_7"}],"DISADV_5":[],"SA_67":[{"tier":2}],"SA_66":[{}],"SA_48":[{"tier":1}],"SA_41":[{"tier":2}],"SA_9":[{"sid2":2,"sid":"TAL_35"}],"SA_27":[{"sid":9},{"sid":11}],"SA_29":[{"sid":17,"tier":4},{"sid":14,"tier":1},{"sid":8,"tier":2}],"SA_12":[{"sid":3}],"SA_21":[{}],"SA_22":[{"sid":"Xorlosch"}],"SA_59":[{}],"SA_62":[{}]},"talents":{"TAL_4":4,"TAL_5":8,"TAL_6":4,"TAL_10":3,"TAL_18":5,"TAL_20":2,"TAL_23":6,"TAL_35":10,"TAL_33":7,"TAL_34":5,"TAL_37":2,"TAL_55":5,"TAL_38":2,"TAL_39":4,"TAL_40":8,"TAL_8":5,"TAL_58":8,"TAL_13":2,"TAL_14":9,"TAL_17":10},"ct":{"CT_15":12,"CT_9":12,"CT_3":10,"CT_10":12,"CT_1":12,"CT_2":8},"spells":{},"cantrips":[],"liturgies":{},"blessings":[],"belongings":{"items":{},"armorZones":{},"purse":{"d":"","s":"","h":"","k":""}},"rules":{"higherParadeValues":0,"attributeValueLimit":false,"enableAllRuleBooks":false,"enabledRuleBooks":[],"enableLanguageSpecializations":false},"pets":{}}